FolderPath,PrefabName,InitPos,InitRot,GameObjectName
Assets/1_Module/Map/MapManagerModule/RoadObject/Models/KR_SurfaceMarking/KR,05_SurfMark_5321.fbx,-84.98178070765442/-0.5083712336473892/-1490.6864637273993,0.0/0.0/0.0,B319BS010001
Assets/1_Module/Map/MapManagerModule/RoadObject/Models/KR_SurfaceMarking/KR,05_SurfMark_5321.fbx,-82.84701757156135/-0.5308202422513225/-1500.3769144925805,0.0/0.0/0.0,B319BS010002
Assets/1_Module/Map/MapManagerModule/RoadObject/Models/KR_SurfaceMarking/KR,05_SurfMark_5321.fbx,-80.75715617047065/-0.5050706461070369/-1489.7478075304266,0.0/0.0/0.0,B319BS010003
Assets/1_Module/Map/MapManagerModule/RoadObject/Models/KR_SurfaceMarking/KR,05_SurfMark_5321.fbx,-71.13476492259402/-0.5509480014121149/-1497.9954738021406,0.0/0.0/0.0,B319BS010004
Assets/1_Module/Map/MapManagerModule/RoadObject/Models/KR_SurfaceMarking/KR,05_SurfMark_5321.fbx,-70.76925701770838/-0.5482123619442643/-1482.0855667547455,0.0/0.0/0.0,B319BS010005
Assets/1_Module/Map/MapManagerModule/RoadObject/Models/KR_SurfaceMarking/KR,05_SurfMark_5321.fbx,-70.68472070379356/-0.5584507362276164/-1502.243572657053,0.0/0.0/0.0,B319BS010006
Assets/1_Module/Map/MapManagerModule/RoadObject/Models/KR_SurfaceMarking/KR,05_SurfMark_5321.fbx,-82.95352143916114/-0.5100338037846399/-1480.2948073315756,0.0/0.0/0.0,B319BS010007
Assets/1_Module/Map/MapManagerModule/RoadObject/Models/KR_SurfaceMarking/KR,05_SurfMark_5321.fbx,-71.29491132422794/-0.5417055125441277/-1477.8834737054067,0.0/0.0/0.0,B319BS010008
Assets/1_Module/Map/MapManagerModule/RoadObject/Models/KR_SurfaceMarking/KR,05_SurfMark_5321.fbx,75.99925215263644/-0.5590007934570308/-722.3380142403398,0.0/0.0/0.0,B319BS010009
Assets/1_Module/Map/MapManagerModule/RoadObject/Models/KR_SurfaceMarking/KR,05_SurfMark_5321.fbx,526.027847365558/0.027729006999187723/129.06087234292505,0.0/0.0/0.0,B319BS010010
Assets/1_Module/Map/MapManagerModule/RoadObject/Models/KR_SurfaceMarking/KR,05_SurfMark_5321.fbx,-59.32583750129576/-0.5447772046556479/-1184.2629395924641,0.0/0.0/0.0,B319BS010011
Assets/1_Module/Map/MapManagerModule/RoadObject/Models/KR_SurfaceMarking/KR,05_SurfMark_5321.fbx,-59.95308206246418/-0.5331584123424519/-1186.477391203139,0.0/0.0/0.0,B319BS010012
Assets/1_Module/Map/MapManagerModule/RoadObject/Models/KR_SurfaceMarking/KR,05_SurfMark_534.fbx,-61.34897327704544/-0.5416586713097498/-1187.9044944666064,0.0/0.0/0.0,B319BS010013
Assets/1_Module/Map/MapManagerModule/RoadObject/Models/KR_SurfaceMarking/KR,05_SurfMark_5321.fbx,-52.79624561823689/-0.5535925810373213/-1207.4458987897863,0.0/0.0/0.0,B319BS010014
Assets/1_Module/Map/MapManagerModule/RoadObject/Models/KR_SurfaceMarking/KR,05_SurfMark_5321.fbx,-55.035122488893144/-0.5555192652601825/-1206.843509725911,0.0/0.0/0.0,B319BS010015
Assets/1_Module/Map/MapManagerModule/RoadObject/Models/KR_SurfaceMarking/KR,05_SurfMark_534.fbx,-56.746856978288214/-0.5642002364923594/-1205.853760694743,0.0/0.0/0.0,B319BS010016
Assets/1_Module/Map/MapManagerModule/RoadObject/Models/KR_SurfaceMarking/KR,05_SurfMark_5321.fbx,-32.68534605688735/-0.5111579194670521/-1219.0974509972802,0.0/0.0/0.0,B319BS010017
Assets/1_Module/Map/MapManagerModule/RoadObject/Models/KR_SurfaceMarking/KR,05_SurfMark_5321.fbx,-30.445258765525534/-0.5040903580647369/-1219.6591937715573,0.0/0.0/0.0,B319BS010018
Assets/1_Module/Map/MapManagerModule/RoadObject/Models/KR_SurfaceMarking/KR,05_SurfMark_534.fbx,-29.04741464963933/-0.506843127164152/-1221.2270714178198,0.0/0.0/0.0,B319BS010019
Assets/1_Module/Map/MapManagerModule/RoadObject/Models/KR_SurfaceMarking/KR,05_SurfMark_5321.fbx,-17.882412256761476/-0.5015819412729596/-1214.2467332257763,0.0/0.0/0.0,B319BS010020
Assets/1_Module/Map/MapManagerModule/RoadObject/Models/KR_SurfaceMarking/KR,05_SurfMark_5321.fbx,-18.441497080310807/-0.4984100687313119/-1216.4977586554498,0.0/0.0/0.0,B319BS010021
Assets/1_Module/Map/MapManagerModule/RoadObject/Models/KR_SurfaceMarking/KR,05_SurfMark_534.fbx,-19.561974497630814/-0.506345994348048/-1218.0722283448015,0.0/0.0/0.0,B319BS010022
Assets/1_Module/Map/MapManagerModule/RoadObject/Models/KR_SurfaceMarking/KR,05_SurfMark_5321.fbx,-28.164226520213376/-0.5236814538136305/-1234.1745976496645,0.0/0.0/0.0,B319BS010023
Assets/1_Module/Map/MapManagerModule/RoadObject/Models/KR_SurfaceMarking/KR,05_SurfMark_5321.fbx,-27.602324415694518/-0.5133381284868146/-1231.910870646894,0.0/0.0/0.0,B319BS010024
Assets/1_Module/Map/MapManagerModule/RoadObject/Models/KR_SurfaceMarking/KR,05_SurfMark_534.fbx,-26.579304041405766/-0.5163098714051669/-1230.2525559913165,0.0/0.0/0.0,B319BS010025
Assets/1_Module/Map/MapManagerModule/RoadObject/Models/KR_SurfaceMarking/KR,05_SurfMark_5321.fbx,-79.3999649528349/-0.632423495360769/-1250.7131681681492,0.0/0.0/0.0,B319BS010026
Assets/1_Module/Map/MapManagerModule/RoadObject/Models/KR_SurfaceMarking/KR,05_SurfMark_5321.fbx,-81.6517999148548/-0.6214924311882725/-1250.1087374743695,0.0/0.0/0.0,B319BS010027
Assets/1_Module/Map/MapManagerModule/RoadObject/Models/KR_SurfaceMarking/KR,05_SurfMark_5321.fbx,-75.13037447197331/-0.5551889068655406/-1213.7724929050942,0.0/0.0/0.0,B319BS010028
Assets/1_Module/Map/MapManagerModule/RoadObject/Models/KR_SurfaceMarking/KR,05_SurfMark_5321.fbx,-74.497711319826/-0.5581150831851908/-1211.5642759850896,0.0/0.0/0.0,B319BS010029
Assets/1_Module/Map/MapManagerModule/RoadObject/Models/KR_SurfaceMarking/KR,05_SurfMark_534.fbx,-73.70399431837107/-0.5553580575963188/-1209.7429424693878,0.0/0.0/0.0,B319BS010030
Assets/1_Module/Map/MapManagerModule/RoadObject/Models/KR_SurfaceMarking/KR,05_SurfMark_5321.fbx,-81.98996752337914/-0.565198782101805/-1192.6074643966792,0.0/0.0/0.0,B319BS010031
Assets/1_Module/Map/MapManagerModule/RoadObject/Models/KR_SurfaceMarking/KR,05_SurfMark_5321.fbx,-79.49964370187824/-0.567663191415109/-1192.7283392123247,0.0/0.0/0.0,B319BS010032
Assets/1_Module/Map/MapManagerModule/RoadObject/Models/KR_SurfaceMarking/KR,05_SurfMark_534.fbx,-77.86761844691247/-0.571594558195886/-1193.922063820455,0.0/0.0/0.0,B319BS010033
Assets/1_Module/Map/MapManagerModule/RoadObject/Models/KR_SurfaceMarking/KR,05_SurfMark_5321.fbx,-100.302147357508/-0.5951406880136029/-1180.8805045906945,0.0/0.0/0.0,B319BS010034
Assets/1_Module/Map/MapManagerModule/RoadObject/Models/KR_SurfaceMarking/KR,05_SurfMark_5321.fbx,-102.91136578201937/-0.5782233624243012/-1180.8366371960938,0.0/0.0/0.0,B319BS010035
Assets/1_Module/Map/MapManagerModule/RoadObject/Models/KR_SurfaceMarking/KR,05_SurfMark_534.fbx,-104.20575524041413/-0.5770159569365062/-1179.195787657114,0.0/0.0/0.0,B319BS010036
Assets/1_Module/Map/MapManagerModule/RoadObject/Models/KR_SurfaceMarking/KR,05_SurfMark_5321.fbx,-115.4813166146315/-0.5721268259711076/-1186.3432041439528,0.0/0.0/0.0,B319BS010037
Assets/1_Module/Map/MapManagerModule/RoadObject/Models/KR_SurfaceMarking/KR,05_SurfMark_5321.fbx,-114.9000959176098/-0.5671547226357202/-1184.0998197834929,0.0/0.0/0.0,B319BS010038
Assets/1_Module/Map/MapManagerModule/RoadObject/Models/KR_SurfaceMarking/KR,05_SurfMark_534.fbx,-114.08354427401285/-0.5778646238935767/-1182.2375370848104,0.0/0.0/0.0,B319BS010039
Assets/1_Module/Map/MapManagerModule/RoadObject/Models/KR_SurfaceMarking/KR,05_SurfMark_5321.fbx,-109.007071611027/-0.5414313525995653/-1180.03216141996,0.0/0.0/0.0,B319BS010040
Assets/1_Module/Map/MapManagerModule/RoadObject/Models/KR_SurfaceMarking/KR,05_SurfMark_5321.fbx,-110.06650326777986/-0.5920264824700459/-1171.1046092342713,0.0/0.0/0.0,B319BS010041
Assets/1_Module/Map/MapManagerModule/RoadObject/Models/KR_SurfaceMarking/KR,05_SurfMark_5321.fbx,-113.08447137200424/-0.5844703743734391/-1176.4574616540142,0.0/0.0/0.0,B319BS010042
Assets/1_Module/Map/MapManagerModule/RoadObject/Models/KR_SurfaceMarking/KR,05_SurfMark_5321.fbx,-105.34049409428462/-0.5661655906207939/-1173.1778654968107,0.0/0.0/0.0,B319BS010043
Assets/1_Module/Map/MapManagerModule/RoadObject/Models/KR_SurfaceMarking/KR,05_SurfMark_5321.fbx,-115.65138607236582/-0.6299429353862651/-1172.9920276370112,0.0/0.0/0.0,B319BS010044
Assets/1_Module/Map/MapManagerModule/RoadObject/Models/KR_SurfaceMarking/KR,05_SurfMark_5321.fbx,-86.18067858340143/-0.5679396008154671/-1232.5632167011004,0.0/0.0/0.0,B319BS010045
Assets/1_Module/Map/MapManagerModule/RoadObject/Models/KR_SurfaceMarking/KR,05_SurfMark_5321.fbx,-86.80600658216076/-0.564230470582646/-1234.7868176016345,0.0/0.0/0.0,B319BS010046
Assets/1_Module/Map/MapManagerModule/RoadObject/Models/KR_SurfaceMarking/KR,05_SurfMark_5321.fbx,-102.45270777421769/-0.5566108403626219/-1237.754668976688,0.0/0.0/0.0,B319BS010047
Assets/1_Module/Map/MapManagerModule/RoadObject/Models/KR_SurfaceMarking/KR,05_SurfMark_5321.fbx,-100.19081496303795/-0.5548755519850788/-1238.3541690363904,0.0/0.0/0.0,B319BS010048
Assets/1_Module/Map/MapManagerModule/RoadObject/Models/KR_SurfaceMarking/KR,05_SurfMark_5321.fbx,-104.60861729316662/-0.5890465013414962/-1164.1476461883194,0.0/0.0/0.0,B319BS010049
Assets/1_Module/Map/MapManagerModule/RoadObject/Models/KR_SurfaceMarking/KR,05_SurfMark_5321.fbx,-105.16986667218254/-0.5924861021986564/-1166.4206670122805,0.0/0.0/0.0,B319BS010050
Assets/1_Module/Map/MapManagerModule/RoadObject/Models/KR_SurfaceMarking/KR,05_SurfMark_534.fbx,-106.34992391933534/-0.6083671907555713/-1168.0144633640623,0.0/0.0/0.0,B319BS010051
Assets/1_Module/Map/MapManagerModule/RoadObject/Models/KR_SurfaceMarking/KR,05_SurfMark_5321.fbx,-94.99427510990378/-0.5384692897732595/-1252.1654337766774,0.0/0.0/0.0,B319BS010052
Assets/1_Module/Map/MapManagerModule/RoadObject/Models/KR_SurfaceMarking/KR,05_SurfMark_5321.fbx,-95.56933880135233/-0.5413642047752795/-1254.3980745196181,0.0/0.0/0.0,B319BS010053
Assets/1_Module/Map/MapManagerModule/RoadObject/Models/KR_SurfaceMarking/KR,05_SurfMark_5321.fbx,-137.0394498136652/-0.6090049026271372/-1464.5426766712878,0.0/0.0/0.0,B319BS010054
Assets/1_Module/Map/MapManagerModule/RoadObject/Models/KR_SurfaceMarking/KR,05_SurfMark_5321.fbx,-136.48144785376323/-0.6067284328333579/-1468.7762426598097,0.0/0.0/0.0,B319BS010055
Assets/1_Module/Map/MapManagerModule/RoadObject/Models/KR_SurfaceMarking/KR,05_SurfMark_5321.fbx,-143.49574809036403/-0.6064744281281014/-1415.0033708644921,0.0/0.0/0.0,B319BS010056
Assets/1_Module/Map/MapManagerModule/RoadObject/Models/KR_SurfaceMarking/KR,05_SurfMark_5321.fbx,-142.89523746316542/-0.6016127396662256/-1418.2238169833392,0.0/0.0/0.0,B319BS010057
Assets/1_Module/Map/MapManagerModule/RoadObject/Models/KR_SurfaceMarking/KR,05_SurfMark_5321.fbx,-122.72401278955208/-0.6449810280486232/-1490.7533266589496,0.0/0.0/0.0,B319BS010058
Assets/1_Module/Map/MapManagerModule/RoadObject/Models/KR_SurfaceMarking/KR,05_SurfMark_5321.fbx,-119.48010427300854/-0.6400051925910933/-1490.1345785425538,0.0/0.0/0.0,B319BS010059
Assets/1_Module/Map/MapManagerModule/RoadObject/Models/KR_SurfaceMarking/KR,05_SurfMark_5321.fbx,-151.10529342616772/-0.6163728818770733/-1490.3277678728766,0.0/0.0/0.0,B319BS010060
Assets/1_Module/Map/MapManagerModule/RoadObject/Models/KR_SurfaceMarking/KR,05_SurfMark_5321.fbx,-154.34797227389583/-0.633117921772051/-1490.8983634385093,0.0/0.0/0.0,B319BS010061
Assets/1_Module/Map/MapManagerModule/RoadObject/Models/KR_SurfaceMarking/KR,05_SurfMark_5321.fbx,-136.9555490414166/-0.6079753524183837/-1510.5311830678525,0.0/0.0/0.0,B319BS010062
Assets/1_Module/Map/MapManagerModule/RoadObject/Models/KR_SurfaceMarking/KR,05_SurfMark_5321.fbx,-136.38003784083892/-0.6058505060944178/-1514.7930952588322,0.0/0.0/0.0,B319BS010063
Assets/1_Module/Map/MapManagerModule/RoadObject/Models/KR_SurfaceMarking/KR,05_SurfMark_5371.fbx,-185.46545873415843/-0.612500015258294/-1040.8684978029378,0.0/0.0/0.0,B319BS010064
Assets/1_Module/Map/MapManagerModule/RoadObject/Models/KR_SurfaceMarking/KR,05_SurfMark_5371.fbx,-188.4079833340503/-0.33466146516452333/-1038.0849401613139,0.0/0.0/0.0,B319BS010065
Assets/1_Module/Map/MapManagerModule/RoadObject/Models/KR_SurfaceMarking/KR,05_SurfMark_5371.fbx,-206.03495876223528/-0.719499412536335/-1084.8844978030988,0.0/0.0/0.0,B319BS010066
Assets/1_Module/Map/MapManagerModule/RoadObject/Models/KR_SurfaceMarking/KR,05_SurfMark_5371.fbx,-214.44845877311306/-0.5769994888278656/-1111.9249978023759,0.0/0.0/0.0,B319BS010067
Assets/1_Module/Map/MapManagerModule/RoadObject/Models/KR_SurfaceMarking/KR,05_SurfMark_5371.fbx,-209.66145876581544/-0.6964999517742158/-1112.0609977984009,0.0/0.0/0.0,B319BS010068
Assets/1_Module/Map/MapManagerModule/RoadObject/Models/KR_SurfaceMarking/KR,05_SurfMark_5381.fbx,406.30904209482054/0.034500297552355896/-106.48499779658465,0.0/0.0/0.0,B319BS010069
Assets/1_Module/Map/MapManagerModule/RoadObject/Models/KR_SurfaceMarking/KR,05_SurfMark_5371.fbx,76.95374618994279/0.13228390168315765/241.27696677442876,0.0/0.0/0.0,B319BS010070
Assets/1_Module/Map/MapManagerModule/RoadObject/Models/KR_SurfaceMarking/KR,05_SurfMark_5371.fbx,-89.70095855390052/-0.5775001678462045/-2004.3289977985346,0.0/0.0/0.0,B319BS010071
Assets/1_Module/Map/MapManagerModule/RoadObject/Models/KR_SurfaceMarking/KR,05_SurfMark_5371.fbx,-91.46745855736471/-0.5069997940055464/-2007.4839977978556,0.0/0.0/0.0,B319BS010072
Assets/1_Module/Map/MapManagerModule/RoadObject/Models/KR_SurfaceMarking/KR,05_SurfMark_5371.fbx,-35.60345848259637/-0.5200000132720236/-1823.2189977965265,0.0/0.0/0.0,B319BS010073
Assets/1_Module/Map/MapManagerModule/RoadObject/Models/KR_SurfaceMarking/KR,05_SurfMark_5371.fbx,-184.74349266531132/-0.5280006561279295/-1904.7508671338417,0.0/0.0/0.0,B319BS010074
Assets/1_Module/Map/MapManagerModule/RoadObject/Models/KR_SurfaceMarking/KR,05_SurfMark_5371.fbx,-181.59165100481596/-0.5600002441406247/-1903.3034120163825,0.0/0.0/0.0,B319BS010075
Assets/1_Module/Map/MapManagerModule/RoadObject/Models/KR_SurfaceMarking/KR,05_SurfMark_5371.fbx,-218.51812641489792/-0.5070007476806636/-1259.0282151448853,0.0/0.0/0.0,B319BS010076
Assets/1_Module/Map/MapManagerModule/RoadObject/Models/KR_SurfaceMarking/KR,05_SurfMark_5371.fbx,-214.33642827888792/-0.4369991455078121/-1258.9432486356004,0.0/0.0/0.0,B319BS010077
Assets/1_Module/Map/MapManagerModule/RoadObject/Models/KR_SurfaceMarking/KR,05_SurfMark_5371.fbx,-218.66496066298038/-0.4919994506835933/-1225.7424978193462,0.0/0.0/0.0,B319BS010078
Assets/1_Module/Map/MapManagerModule/RoadObject/Models/KR_SurfaceMarking/KR,05_SurfMark_5371.fbx,-214.31895876840716/-0.4399994049072262/-1225.809497802178,0.0/0.0/0.0,B319BS010079
Assets/1_Module/Map/MapManagerModule/RoadObject/Models/KR_SurfaceMarking/KR,05_SurfMark_5371.fbx,-209.50016076071952/-0.44100076293945273/-1225.787248041403,0.0/0.0/0.0,B319BS010080
Assets/1_Module/Map/MapManagerModule/RoadObject/Models/KR_SurfaceMarking/KR,05_SurfMark_5371.fbx,-205.09982961239092/-0.4830002379666238/-1225.9692149071639,0.0/0.0/0.0,B319BS010081
Assets/1_Module/Map/MapManagerModule/RoadObject/Models/KR_SurfaceMarking/KR,05_SurfMark_5371.fbx,-218.87583755841092/-0.5084999234831706/-1177.722723383049,0.0/0.0/0.0,B319BS010082
Assets/1_Module/Map/MapManagerModule/RoadObject/Models/KR_SurfaceMarking/KR,05_SurfMark_5371.fbx,-214.63930495201737/-0.47699971788975504/-1177.6567753877675,0.0/0.0/0.0,B319BS010083
Assets/1_Module/Map/MapManagerModule/RoadObject/Models/KR_SurfaceMarking/KR,05_SurfMark_5371.fbx,-205.34545875701457/-0.49649983978270684/-1177.5199978013356,0.0/0.0/0.0,B319BS010084
Assets/1_Module/Map/MapManagerModule/RoadObject/Models/KR_SurfaceMarking/KR,05_SurfMark_5371.fbx,-218.96798893980667/-0.488874733733079/-1157.9712488106786,0.0/0.0/0.0,B319BS010085
Assets/1_Module/Map/MapManagerModule/RoadObject/Models/KR_SurfaceMarking/KR,05_SurfMark_5371.fbx,-214.78845877158926/-0.46799928283691367/-1158.066497801679,0.0/0.0/0.0,B319BS010086
Assets/1_Module/Map/MapManagerModule/RoadObject/Models/KR_SurfaceMarking/KR,05_SurfMark_5371.fbx,-209.6013336899017/-0.48115063290531185/-1157.955024122177,0.0/0.0/0.0,B319BS010087
Assets/1_Module/Map/MapManagerModule/RoadObject/Models/KR_SurfaceMarking/KR,05_SurfMark_5371.fbx,-205.1817377961095/-0.483000579833984/-1157.7215012938564,0.0/0.0/0.0,B319BS010088
Assets/1_Module/Map/MapManagerModule/RoadObject/Models/KR_SurfaceMarking/KR,05_SurfMark_5371.fbx,-209.52245876000353/-0.43599969482444756/-1259.0144978021524,0.0/0.0/0.0,B319BS010089
Assets/1_Module/Map/MapManagerModule/RoadObject/Models/KR_SurfaceMarking/KR,05_SurfMark_5371.fbx,-93.95695855839283/-0.5070001002844499/-2011.604497800054,0.0/0.0/0.0,B319BS010090
Assets/1_Module/Map/MapManagerModule/RoadObject/Models/KR_SurfaceMarking/KR,05_SurfMark_5371.fbx,-141.33371757876063/-0.5959989789930156/-1381.7455284608145,0.0/0.0/0.0,B319BS010091
Assets/1_Module/Map/MapManagerModule/RoadObject/Models/KR_SurfaceMarking/KR,05_SurfMark_5371.fbx,-137.854114150792/-0.5575008049816815/-1382.0412223359087,0.0/0.0/0.0,B319BS010092
Assets/1_Module/Map/MapManagerModule/RoadObject/Models/KR_SurfaceMarking/KR,05_SurfMark_5371.fbx,-133.8789575650232/-0.5731178554194153/-1381.8734973495204,0.0/0.0/0.0,B319BS010093
Assets/1_Module/Map/MapManagerModule/RoadObject/Models/KR_SurfaceMarking/KR,05_SurfMark_5371.fbx,-214.05745876285116/-0.4644995303626638/-1343.71699781031,0.0/0.0/0.0,B319BS010094
Assets/1_Module/Map/MapManagerModule/RoadObject/Models/KR_SurfaceMarking/KR,05_SurfMark_5371.fbx,-210.08845875752715/-0.4585001496512481/-1343.7604978016952,0.0/0.0/0.0,B319BS010095
Assets/1_Module/Map/MapManagerModule/RoadObject/Models/KR_SurfaceMarking/KR,05_SurfMark_5371.fbx,-210.21233655243194/-0.43565650582971893/-1288.1767218037003,0.0/0.0/0.0,B319BS010096
Assets/1_Module/Map/MapManagerModule/RoadObject/Models/KR_SurfaceMarking/KR,05_SurfMark_5371.fbx,-214.24510344625375/-0.4469992635186172/-1288.3860303703432,0.0/0.0/0.0,B319BS010097
Assets/1_Module/Map/MapManagerModule/RoadObject/Models/KR_SurfaceMarking/KR,05_SurfMark_5371.fbx,231.36284248923127/-0.1990001831054684/-723.9614548862895,0.0/0.0/0.0,B319BS010098
Assets/1_Module/Map/MapManagerModule/RoadObject/Models/KR_SurfaceMarking/KR,05_SurfMark_5371.fbx,273.1936095638079/-0.02200013732910122/-739.5581001366573,0.0/0.0/0.0,B319BS010099
Assets/1_Module/Map/MapManagerModule/RoadObject/Models/KR_SurfaceMarking/KR,05_SurfMark_5371.fbx,271.3030419240305/-0.023500267029569956/-736.807997796107,0.0/0.0/0.0,B319BS010100
Assets/1_Module/Map/MapManagerModule/RoadObject/Models/KR_SurfaceMarking/KR,05_SurfMark_5371.fbx,283.0896751007055/-0.07011504318319532/-738.7115255624874,0.0/0.0/0.0,B319BS010101
Assets/1_Module/Map/MapManagerModule/RoadObject/Models/KR_SurfaceMarking/KR,05_SurfMark_5371.fbx,334.55779635349177/0.07399993577704377/-1241.2695219280085,0.0/0.0/0.0,B319BS010102
Assets/1_Module/Map/MapManagerModule/RoadObject/Models/KR_SurfaceMarking/KR,05_SurfMark_5371.fbx,316.18476050457366/-0.04799920654296841/-1338.2719972382972,0.0/0.0/0.0,B319BS010103
Assets/1_Module/Map/MapManagerModule/RoadObject/Models/KR_SurfaceMarking/KR,05_SurfMark_5371.fbx,311.92351634241754/-0.07400018310546841/-1236.6417476054244,0.0/0.0/0.0,B319BS010104
Assets/1_Module/Map/MapManagerModule/RoadObject/Models/KR_SurfaceMarking/KR,05_SurfMark_5371.fbx,-108.36274932424344/-0.47000009155273403/-1286.0346167425935,0.0/0.0/0.0,B319BS010105
Assets/1_Module/Map/MapManagerModule/RoadObject/Models/KR_SurfaceMarking/KR,05_SurfMark_5371.fbx,-111.96345861690168/-0.5019996795654293/-1284.2759978001975,0.0/0.0/0.0,B319BS010106
Assets/1_Module/Map/MapManagerModule/RoadObject/Models/KR_SurfaceMarking/KR,05_SurfMark_5371.fbx,-114.97741232251991/-0.4380005035400387/-1282.6356203336172,0.0/0.0/0.0,B319BS010107
Assets/1_Module/Map/MapManagerModule/RoadObject/Models/KR_SurfaceMarking/KR,05_SurfMark_5371.fbx,203.7374113693793/-0.539000335693359/-1283.6617945615358,0.0/0.0/0.0,B319BS010108
Assets/1_Module/Map/MapManagerModule/RoadObject/Models/KR_SurfaceMarking/KR,05_SurfMark_5371.fbx,197.50958020414956/-0.5910003814697262/-1283.6527492883693,0.0/0.0/0.0,B319BS010109
Assets/1_Module/Map/MapManagerModule/RoadObject/Models/KR_SurfaceMarking/KR,05_SurfMark_5371.fbx,190.9920418278058/-0.612000289916992/-1283.57299779692,0.0/0.0/0.0,B319BS010110
Assets/1_Module/Map/MapManagerModule/RoadObject/Models/KR_SurfaceMarking/KR,05_SurfMark_5371.fbx,190.77138430260376/-0.5859993133544918/-1254.5216950702109,0.0/0.0/0.0,B319BS010111
Assets/1_Module/Map/MapManagerModule/RoadObject/Models/KR_SurfaceMarking/KR,05_SurfMark_5371.fbx,29.063141207832878/-0.259999099731445/-1384.7789355656823,0.0/0.0/0.0,B319BS010112
Assets/1_Module/Map/MapManagerModule/RoadObject/Models/KR_SurfaceMarking/KR,05_SurfMark_5371.fbx,25.77588090108484/-0.40799981689453096/-1386.4661002522776,0.0/0.0/0.0,B319BS010113
Assets/1_Module/Map/MapManagerModule/RoadObject/Models/KR_SurfaceMarking/KR,05_SurfMark_5371.fbx,-125.77745866085581/-0.4660003814697261/-705.4059978019583,0.0/0.0/0.0,B319BS010114
Assets/1_Module/Map/MapManagerModule/RoadObject/Models/KR_SurfaceMarking/KR,05_SurfMark_5371.fbx,258.5408003829207/-0.02500039672851528/-692.0747172589893,0.0/0.0/0.0,B319BS010115
Assets/1_Module/Map/MapManagerModule/RoadObject/Models/KR_SurfaceMarking/KR,05_SurfMark_5371.fbx,246.39954832291426/-0.039999786376952784/-704.9695594964543,0.0/0.0/0.0,B319BS010116
Assets/1_Module/Map/MapManagerModule/RoadObject/Models/KR_SurfaceMarking/KR,05_SurfMark_5371.fbx,248.57716291070625/-0.029999557495116843/-707.0670711542745,0.0/0.0/0.0,B319BS010117
Assets/1_Module/Map/MapManagerModule/RoadObject/Models/KR_SurfaceMarking/KR,05_SurfMark_5371.fbx,279.1828289295871/-0.03399926757812466/-709.296187565231,0.0/0.0/0.0,B319BS010118
Assets/1_Module/Map/MapManagerModule/RoadObject/Models/KR_SurfaceMarking/KR,05_SurfMark_5371.fbx,276.48754192875697/-0.017999869970210323/-711.3884977966507,0.0/0.0/0.0,B319BS010119
Assets/1_Module/Map/MapManagerModule/RoadObject/Models/KR_SurfaceMarking/KR,05_SurfMark_5371.fbx,-213.39758639680463/-0.4494998678917944/-1423.2142179157308,0.0/0.0/0.0,B319BS010120
Assets/1_Module/Map/MapManagerModule/RoadObject/Models/KR_SurfaceMarking/KR,05_SurfMark_5371.fbx,-209.8264587536175/-0.4414999572129301/-1423.3614978028743,0.0/0.0/0.0,B319BS010121
Assets/1_Module/Map/MapManagerModule/RoadObject/Models/KR_SurfaceMarking/KR,05_SurfMark_5371.fbx,-206.34323510607905/-0.47600061035156216/-1423.276496632915,0.0/0.0/0.0,B319BS010122
Assets/1_Module/Map/MapManagerModule/RoadObject/Models/KR_SurfaceMarking/KR,05_SurfMark_5371.fbx,-202.58617823398166/-0.5088384518948756/-1423.2074985188206,0.0/0.0/0.0,B319BS010123
Assets/1_Module/Map/MapManagerModule/RoadObject/Models/KR_SurfaceMarking/KR,05_SurfMark_5371.fbx,360.4435323129851/0.14300077819824253/-1208.202216590285,0.0/0.0/0.0,B319BS010124
Assets/1_Module/Map/MapManagerModule/RoadObject/Models/KR_SurfaceMarking/KR,05_SurfMark_5371.fbx,357.71425061619215/0.060000595092773785/-1232.074536090133,0.0/0.0/0.0,B319BS010125
Assets/1_Module/Map/MapManagerModule/RoadObject/Models/KR_SurfaceMarking/KR,05_SurfMark_5371.fbx,-202.18846021498516/-0.5600002441406245/-1566.0739978097276,0.0/0.0/0.0,B319BS010126
Assets/1_Module/Map/MapManagerModule/RoadObject/Models/KR_SurfaceMarking/KR,05_SurfMark_5371.fbx,-205.65170807710504/-0.5450008544921874/-1566.0087454783156,0.0/0.0/0.0,B319BS010127
Assets/1_Module/Map/MapManagerModule/RoadObject/Models/KR_SurfaceMarking/KR,05_SurfMark_5371.fbx,-209.15395874719727/-0.49599916076660117/-1566.1419978009483,0.0/0.0/0.0,B319BS010128
Assets/1_Module/Map/MapManagerModule/RoadObject/Models/KR_SurfaceMarking/KR,05_SurfMark_5371.fbx,-212.73495875177565/-0.4879997406005856/-1566.1939978018788,0.0/0.0/0.0,B319BS010129
Assets/1_Module/Map/MapManagerModule/RoadObject/Models/KR_SurfaceMarking/KR,05_SurfMark_5371.fbx,-213.55726978176583/-0.48000036491785314/-1388.5187477822515,0.0/0.0/0.0,B319BS010130
Assets/1_Module/Map/MapManagerModule/RoadObject/Models/KR_SurfaceMarking/KR,05_SurfMark_5371.fbx,-210.03698899006824/-0.47799951171874966/-1388.5472479742314,0.0/0.0/0.0,B319BS010131
Assets/1_Module/Map/MapManagerModule/RoadObject/Models/KR_SurfaceMarking/KR,05_SurfMark_5371.fbx,-206.49749001119918/-0.4992806361268352/-1388.2807485875048,0.0/0.0/0.0,B319BS010132
Assets/1_Module/Map/MapManagerModule/RoadObject/Models/KR_SurfaceMarking/KR,05_SurfMark_5371.fbx,-173.73320686416264/-0.5448394793774913/-696.8865276943837,0.0/0.0/0.0,B319BS010133
Assets/1_Module/Map/MapManagerModule/RoadObject/Models/KR_SurfaceMarking/KR,05_SurfMark_5371.fbx,-211.70233947699504/-0.46011914517144914/-1744.6302228745196,0.0/0.0/0.0,B319BS010134
Assets/1_Module/Map/MapManagerModule/RoadObject/Models/KR_SurfaceMarking/KR,05_SurfMark_5371.fbx,-208.18958391297244/-0.4590004119873044/-1744.6464655998632,0.0/0.0/0.0,B319BS010135
Assets/1_Module/Map/MapManagerModule/RoadObject/Models/KR_SurfaceMarking/KR,05_SurfMark_5371.fbx,-204.6905807181978/-0.4919994506835934/-1744.7787771123485,0.0/0.0/0.0,B319BS010136
Assets/1_Module/Map/MapManagerModule/RoadObject/Models/KR_SurfaceMarking/KR,05_SurfMark_5371.fbx,-312.6299589345565/0.0920001831054691/-660.5124978044535,0.0/0.0/0.0,B319BS010137
Assets/1_Module/Map/MapManagerModule/RoadObject/Models/KR_SurfaceMarking/KR,05_SurfMark_5371.fbx,-323.53795894996586/0.13999998362788638/-674.5419978035363,0.0/0.0/0.0,B319BS010138
Assets/1_Module/Map/MapManagerModule/RoadObject/Models/KR_SurfaceMarking/KR,05_SurfMark_5371.fbx,-320.116458944029/0.16700038860556712/-677.4294978028752,0.0/0.0/0.0,B319BS010139
Assets/1_Module/Map/MapManagerModule/RoadObject/Models/KR_SurfaceMarking/KR,05_SurfMark_5371.fbx,-316.0706348476538/0.1750003662109379/-695.0260591457384,0.0/0.0/0.0,B319BS010140
Assets/1_Module/Map/MapManagerModule/RoadObject/Models/KR_SurfaceMarking/KR,05_SurfMark_5371.fbx,-318.0734589407742/0.15849989318801924/-698.707997804455,0.0/0.0/0.0,B319BS010141
Assets/1_Module/Map/MapManagerModule/RoadObject/Models/KR_SurfaceMarking/KR,05_SurfMark_5371.fbx,-298.02445891275664/0.1745000956682718/-684.3954978041239,0.0/0.0/0.0,B319BS010142
Assets/1_Module/Map/MapManagerModule/RoadObject/Models/KR_SurfaceMarking/KR,05_SurfMark_5371.fbx,-293.9364589065379/0.16500013733020572/-684.131497804513,0.0/0.0/0.0,B319BS010143
Assets/1_Module/Map/MapManagerModule/RoadObject/Models/KR_SurfaceMarking/KR,05_SurfMark_5371.fbx,-308.9984917825006/-0.028500105870604055/-612.2802493639134,0.0/0.0/0.0,B319BS010144
Assets/1_Module/Map/MapManagerModule/RoadObject/Models/KR_SurfaceMarking/KR,05_SurfMark_5371.fbx,-204.3078328440793/-0.5158422916493896/-1806.153217782895,0.0/0.0/0.0,B319BS010145
Assets/1_Module/Map/MapManagerModule/RoadObject/Models/KR_SurfaceMarking/KR,05_SurfMark_5371.fbx,-200.79980639717093/-0.544123831704217/-1806.112777305293,0.0/0.0/0.0,B319BS010146
Assets/1_Module/Map/MapManagerModule/RoadObject/Models/KR_SurfaceMarking/KR,05_SurfMark_5371.fbx,-208.56745873650888/-0.4929998550418183/-1806.3104978009935,0.0/0.0/0.0,B319BS010147
Assets/1_Module/Map/MapManagerModule/RoadObject/Models/KR_SurfaceMarking/KR,05_SurfMark_5371.fbx,-203.88549237064043/-0.5189998779296872/-1838.1442680737505,0.0/0.0/0.0,B319BS010148
Assets/1_Module/Map/MapManagerModule/RoadObject/Models/KR_SurfaceMarking/KR,05_SurfMark_5371.fbx,-200.4519283401303/-0.5369995269775387/-1837.9522453519714,0.0/0.0/0.0,B319BS010149
Assets/1_Module/Map/MapManagerModule/RoadObject/Models/KR_SurfaceMarking/KR,05_SurfMark_5372.fbx,316.42804196149694/0.07749997049241814/-70.62699779746764,0.0/0.0/0.0,B319BS010150
Assets/1_Module/Map/MapManagerModule/RoadObject/Models/KR_SurfaceMarking/KR,05_SurfMark_5381.fbx,323.36054196572866/0.06500005615208797/-76.40249779249503,0.0/0.0/0.0,B319BS010151
Assets/1_Module/Map/MapManagerModule/RoadObject/Models/KR_SurfaceMarking/KR,05_SurfMark_5371.fbx,491.47415608592655/0.03699987792968784/-1932.7915403868246,0.0/0.0/0.0,B319BS010152
Assets/1_Module/Map/MapManagerModule/RoadObject/Models/KR_SurfaceMarking/KR,05_SurfMark_5371.fbx,497.7945423096211/0.03300016784668003/-1935.847497791708,0.0/0.0/0.0,B319BS010153
Assets/1_Module/Map/MapManagerModule/RoadObject/Models/KR_SurfaceMarking/KR,05_SurfMark_5371.fbx,-167.25068275559804/-0.4959991607666012/-750.5336200073722,0.0/0.0/0.0,B319BS010154
Assets/1_Module/Map/MapManagerModule/RoadObject/Models/KR_SurfaceMarking/KR,05_SurfMark_5371.fbx,-291.0908203807641/0.08500021362304722/-651.7245232240437,0.0/0.0/0.0,B319BS010155
Assets/1_Module/Map/MapManagerModule/RoadObject/Models/KR_SurfaceMarking/KR,05_SurfMark_5371.fbx,480.0515422290903/-0.05099946594238247/-662.5239977939684,0.0/0.0/0.0,B319BS010156
Assets/1_Module/Map/MapManagerModule/RoadObject/Models/KR_SurfaceMarking/KR,05_SurfMark_5371.fbx,375.4406681635985/0.04099958801269566/-124.99038670460564,0.0/0.0/0.0,B319BS010157
Assets/1_Module/Map/MapManagerModule/RoadObject/Models/KR_SurfaceMarking/KR,05_SurfMark_5371.fbx,-179.9273568481989/-0.5269992980957028/-727.2984536673688,0.0/0.0/0.0,B319BS010158
Assets/1_Module/Map/MapManagerModule/RoadObject/Models/KR_SurfaceMarking/KR,05_SurfMark_5371.fbx,-334.12445896434065/0.053500350957086606/-686.6389978041753,0.0/0.0/0.0,B319BS010159
Assets/1_Module/Map/MapManagerModule/RoadObject/Models/KR_SurfaceMarking/KR,05_SurfMark_5371.fbx,-62.45495851990858/-0.5339992675781247/-1854.9659977990916,0.0/0.0/0.0,B319BS010160
Assets/1_Module/Map/MapManagerModule/RoadObject/Models/KR_SurfaceMarking/KR,05_SurfMark_5371.fbx,-65.74571958294626/-0.4909999999999996/-1851.3519748655717,0.0/0.0/0.0,B319BS010161
Assets/1_Module/Map/MapManagerModule/RoadObject/Models/KR_SurfaceMarking/KR,05_SurfMark_5371.fbx,-137.93245864013633/-0.470000091552734/-1629.2269977996364,0.0/0.0/0.0,B319BS010162
Assets/1_Module/Map/MapManagerModule/RoadObject/Models/KR_SurfaceMarking/KR,05_SurfMark_5371.fbx,-185.8114297656622/-0.5310009155273434/-1434.8272451421885,0.0/0.0/0.0,B319BS010163
Assets/1_Module/Map/MapManagerModule/RoadObject/Models/KR_SurfaceMarking/KR,05_SurfMark_5371.fbx,-117.58220840889216/-0.5049999389648434/-1611.8170247454464,0.0/0.0/0.0,B319BS010164
Assets/1_Module/Map/MapManagerModule/RoadObject/Models/KR_SurfaceMarking/KR,05_SurfMark_5371.fbx,-133.58992832509114/-0.5310009155273433/-1594.8052525229793,0.0/0.0/0.0,B319BS010165
Assets/1_Module/Map/MapManagerModule/RoadObject/Models/KR_SurfaceMarking/KR,05_SurfMark_5371.fbx,-135.97772607729456/-0.5010002288818356/-748.6167684093174,0.0/0.0/0.0,B319BS010166
Assets/1_Module/Map/MapManagerModule/RoadObject/Models/KR_SurfaceMarking/KR,05_SurfMark_5371.fbx,-132.9564586370897/-0.5430000457763668/-1524.18599780065,0.0/0.0/0.0,B319BS010167
Assets/1_Module/Map/MapManagerModule/RoadObject/Models/KR_SurfaceMarking/KR,05_SurfMark_5371.fbx,-5.6034584710768955/-0.5084999237045985/-1068.1339977995663,0.0/0.0/0.0,B319BS010168
Assets/1_Module/Map/MapManagerModule/RoadObject/Models/KR_SurfaceMarking/KR,05_SurfMark_5371.fbx,-149.65921148364345/-0.506501380051263/-1611.9774699399206,0.0/0.0/0.0,B319BS010169
Assets/1_Module/Map/MapManagerModule/RoadObject/Models/KR_SurfaceMarking/KR,05_SurfMark_5371.fbx,-149.5969586566837/-0.5345002489274752/-1608.4724978006611,0.0/0.0/0.0,B319BS010170
Assets/1_Module/Map/MapManagerModule/RoadObject/Models/KR_SurfaceMarking/KR,05_SurfMark_5371.fbx,-184.9834865334418/-0.5220001373291012/-1554.851246468419,0.0/0.0/0.0,B319BS010171
Assets/1_Module/Map/MapManagerModule/RoadObject/Models/KR_SurfaceMarking/KR,05_SurfMark_5371.fbx,-75.14245855557238/-0.47250040033561824/-1468.8494978002923,0.0/0.0/0.0,B319BS010172
Assets/1_Module/Map/MapManagerModule/RoadObject/Models/KR_SurfaceMarking/KR,05_SurfMark_5371.fbx,-140.5109586507444/-0.57899934387207/-1455.239997800851,0.0/0.0/0.0,B319BS010173
Assets/1_Module/Map/MapManagerModule/RoadObject/Models/KR_SurfaceMarking/KR,05_SurfMark_5371.fbx,-129.52020930266605/-0.6273775970235054/-1452.6847504631035,0.0/0.0/0.0,B319BS010174
Assets/1_Module/Map/MapManagerModule/RoadObject/Models/KR_SurfaceMarking/KR,05_SurfMark_5371.fbx,-132.8509329628173/-0.5225001790104842/-1538.164743628254,0.0/0.0/0.0,B319BS010175
Assets/1_Module/Map/MapManagerModule/RoadObject/Models/KR_SurfaceMarking/KR,05_SurfMark_5371.fbx,-140.32695864730192/-0.5399997863769527/-1538.0244978005355,0.0/0.0/0.0,B319BS010176
Assets/1_Module/Map/MapManagerModule/RoadObject/Models/KR_SurfaceMarking/KR,05_SurfMark_5371.fbx,-11.596611695296737/-0.5590007934570308/-1356.9242175759127,0.0/0.0/0.0,B319BS010177
Assets/1_Module/Map/MapManagerModule/RoadObject/Models/KR_SurfaceMarking/KR,05_SurfMark_5371.fbx,-132.9598282967437/-0.5390003356933589/-1349.6632718707076,0.0/0.0/0.0,B319BS010178
Assets/1_Module/Map/MapManagerModule/RoadObject/Models/KR_SurfaceMarking/KR,05_SurfMark_5371.fbx,-140.01845865497452/-0.4729998170059976/-1349.359497798961,0.0/0.0/0.0,B319BS010179
Assets/1_Module/Map/MapManagerModule/RoadObject/Models/KR_SurfaceMarking/KR,05_SurfMark_5371.fbx,-128.96282684963674/-0.5931521645945952/-1349.8894764371898,0.0/0.0/0.0,B319BS010180
Assets/1_Module/Map/MapManagerModule/RoadObject/Models/KR_SurfaceMarking/KR,05_SurfMark_5371.fbx,-129.61792694299/-0.5586564003030396/-1327.7133461253204,0.0/0.0/0.0,B319BS010181
Assets/1_Module/Map/MapManagerModule/RoadObject/Models/KR_SurfaceMarking/KR,05_SurfMark_5371.fbx,-125.82010987740095/-0.6330001983642574/-1328.826455544369,0.0/0.0/0.0,B319BS010182
Assets/1_Module/Map/MapManagerModule/RoadObject/Models/KR_SurfaceMarking/KR,05_SurfMark_5371.fbx,33.89917597213663/-0.525999847412109/-1015.2431781682742,0.0/0.0/0.0,B319BS010183
Assets/1_Module/Map/MapManagerModule/RoadObject/Models/KR_SurfaceMarking/KR,05_SurfMark_5371.fbx,49.970527510509214/-0.4879997406005856/-1037.4373384101177,0.0/0.0/0.0,B319BS010184
Assets/1_Module/Map/MapManagerModule/RoadObject/Models/KR_SurfaceMarking/KR,05_SurfMark_5371.fbx,54.84254161650597/-0.5700004730224605/-1021.671497799852,0.0/0.0/0.0,B319BS010185
Assets/1_Module/Map/MapManagerModule/RoadObject/Models/KR_SurfaceMarking/KR,05_SurfMark_5371.fbx,31.535868011768695/-0.508000168633819/-1034.9606509244059,0.0/0.0/0.0,B319BS010186
Assets/1_Module/Map/MapManagerModule/RoadObject/Models/KR_SurfaceMarking/KR,05_SurfMark_5371.fbx,-7.985958461510603/-0.4369991455078122/-1368.1834977980752,0.0/0.0/0.0,B319BS010187
Assets/1_Module/Map/MapManagerModule/RoadObject/Models/KR_SurfaceMarking/KR,05_SurfMark_5371.fbx,-101.04537360900039/-0.5290005389837941/-1256.4956716322827,0.0/0.0/0.0,B319BS010188
Assets/1_Module/Map/MapManagerModule/RoadObject/Models/KR_SurfaceMarking/KR,05_SurfMark_5371.fbx,-98.04891799053746/-0.5197244777542716/-1258.2526025237814,0.0/0.0/0.0,B319BS010189
Assets/1_Module/Map/MapManagerModule/RoadObject/Models/KR_SurfaceMarking/KR,05_SurfMark_5371.fbx,-3.0002406636132952/-0.6120002899169918/-1850.9158911711818,0.0/0.0/0.0,B319BS010190
Assets/1_Module/Map/MapManagerModule/RoadObject/Models/KR_SurfaceMarking/KR,05_SurfMark_5371.fbx,-31.17698261202688/-0.5609996948242183/-1881.791236335534,0.0/0.0/0.0,B319BS010191
Assets/1_Module/Map/MapManagerModule/RoadObject/Models/KR_SurfaceMarking/KR,05_SurfMark_5371.fbx,-140.569985820189/-0.5929992828369137/-1407.1732454452326,0.0/0.0/0.0,B319BS010192
Assets/1_Module/Map/MapManagerModule/RoadObject/Models/KR_SurfaceMarking/KR,05_SurfMark_5371.fbx,-144.03743951373292/-0.637999359130859/-1406.9732524414703,0.0/0.0/0.0,B319BS010193
Assets/1_Module/Map/MapManagerModule/RoadObject/Models/KR_SurfaceMarking/KR,05_SurfMark_5371.fbx,-70.72999220398816/-0.5299995574951168/-1439.8732499761293,0.0/0.0/0.0,B319BS010194
Assets/1_Module/Map/MapManagerModule/RoadObject/Models/KR_SurfaceMarking/KR,05_SurfMark_5371.fbx,-133.66345864453712/-0.5657244898334627/-1424.5414977538603,0.0/0.0/0.0,B319BS010195
Assets/1_Module/Map/MapManagerModule/RoadObject/Models/KR_SurfaceMarking/KR,05_SurfMark_5371.fbx,-140.6229584252841/-0.5576540531477496/-1424.9264982595519,0.0/0.0/0.0,B319BS010196
Assets/1_Module/Map/MapManagerModule/RoadObject/Models/KR_SurfaceMarking/KR,05_SurfMark_5371.fbx,-66.82733469792733/-0.6330001983642575/-1511.3472187293962,0.0/0.0/0.0,B319BS010197
Assets/1_Module/Map/MapManagerModule/RoadObject/Models/KR_SurfaceMarking/KR,05_SurfMark_5371.fbx,67.73704166951507/-0.5339992675781247/-1837.6539977972097,0.0/0.0/0.0,B319BS010198
Assets/1_Module/Map/MapManagerModule/RoadObject/Models/KR_SurfaceMarking/KR,05_SurfMark_5371.fbx,-117.55770101059534/-0.5630005035400386/-1305.8120646882758,0.0/0.0/0.0,B319BS010199
Assets/1_Module/Map/MapManagerModule/RoadObject/Models/KR_SurfaceMarking/KR,05_SurfMark_5371.fbx,-121.20889896078992/-0.5248418450204794/-1304.111177720927,0.0/0.0/0.0,B319BS010200
Assets/1_Module/Map/MapManagerModule/RoadObject/Models/KR_SurfaceMarking/KR,05_SurfMark_5371.fbx,-124.38932609302792/-0.49287814431498495/-1302.698398558687,0.0/0.0/0.0,B319BS010201
Assets/1_Module/Map/MapManagerModule/RoadObject/Models/KR_SurfaceMarking/KR,05_SurfMark_5371.fbx,-129.5589586419944/-0.4730003509521482/-1306.8239978010508,0.0/0.0/0.0,B319BS010202
Assets/1_Module/Map/MapManagerModule/RoadObject/Models/KR_SurfaceMarking/KR,05_SurfMark_5371.fbx,-74.83684300316638/-0.502999130249023/-1511.2147165135248,0.0/0.0/0.0,B319BS010203
Assets/1_Module/Map/MapManagerModule/RoadObject/Models/KR_SurfaceMarking/KR,05_SurfMark_5373.fbx,406.6319780702699/-0.24649991484719497/-1475.0743384687703,0.0/0.0/0.0,B319BS010204
Assets/1_Module/Map/MapManagerModule/RoadObject/Models/KR_SurfaceMarking/KR,05_SurfMark_5373.fbx,-1.9429900565283433/-1.4554971372997894/-1030.401648962575,0.0/0.0/0.0,B319BS010205
Assets/1_Module/Map/MapManagerModule/RoadObject/Models/KR_SurfaceMarking/KR,05_SurfMark_5373.fbx,-128.69108378117852/-0.569998240524407/-1524.1767821077322,0.0/0.0/0.0,B319BS010206
Assets/1_Module/Map/MapManagerModule/RoadObject/Models/KR_SurfaceMarking/KR,05_SurfMark_5373.fbx,-0.21237713750330056/-0.5560000740759696/-1363.7415307315189,0.0/0.0/0.0,B319BS010207
Assets/1_Module/Map/MapManagerModule/RoadObject/Models/KR_SurfaceMarking/KR,05_SurfMark_5373.fbx,-168.20716865160338/-0.6750000152587887/-1484.5671259562257,0.0/0.0/0.0,B319BS010208
Assets/1_Module/Map/MapManagerModule/RoadObject/Models/KR_SurfaceMarking/KR,05_SurfMark_5371.fbx,-163.46706879799027/0.08800047302246128/-91.00687217738755,0.0/0.0/0.0,B319BS010209
Assets/1_Module/Map/MapManagerModule/RoadObject/Models/KR_SurfaceMarking/KR,05_SurfMark_5373.fbx,-128.69145863016973/-0.5694997940062629/-1538.151497799529,0.0/0.0/0.0,B319BS010210
Assets/1_Module/Map/MapManagerModule/RoadObject/Models/KR_SurfaceMarking/KR,05_SurfMark_5373.fbx,-24.822958500137972/-0.7679994735739121/-1029.739997799077,0.0/0.0/0.0,B319BS010211
Assets/1_Module/Map/MapManagerModule/RoadObject/Models/KR_SurfaceMarking/KR,05_SurfMark_5373.fbx,354.82754206803025/0.044999298095703466/-1240.0724977940254,0.0/0.0/0.0,B319BS010212
Assets/1_Module/Map/MapManagerModule/RoadObject/Models/KR_SurfaceMarking/KR,05_SurfMark_5373.fbx,27.28928823717896/-0.5250003967285154/-724.5344602502003,0.0/0.0/0.0,B319BS010213
Assets/1_Module/Map/MapManagerModule/RoadObject/Models/KR_SurfaceMarking/KR,05_SurfMark_5373.fbx,63.41654166157327/-0.6615001200690367/-1841.3444978016205,0.0/0.0/0.0,B319BS010214
Assets/1_Module/Map/MapManagerModule/RoadObject/Models/KR_SurfaceMarking/KR,05_SurfMark_5373.fbx,7.449286266402201/-0.5310009155273434/-724.6959581739794,0.0/0.0/0.0,B319BS010215
Assets/1_Module/Map/MapManagerModule/RoadObject/Models/KR_SurfaceMarking/KR,05_SurfMark_5373.fbx,-198.52595873658723/-0.5600002441406247/-1423.14349780133,0.0/0.0/0.0,B319BS010216
Assets/1_Module/Map/MapManagerModule/RoadObject/Models/KR_SurfaceMarking/KR,05_SurfMark_5373.fbx,-168.32045868982695/-0.5210001389013167/-1488.1624978007424,0.0/0.0/0.0,B319BS010217
Assets/1_Module/Map/MapManagerModule/RoadObject/Models/KR_SurfaceMarking/KR,05_SurfMark_5373.fbx,-110.68421337409073/-0.5859993133544917/-1484.0484617748516,0.0/0.0/0.0,B319BS010218
Assets/1_Module/Map/MapManagerModule/RoadObject/Models/KR_SurfaceMarking/KR,05_SurfMark_5373.fbx,66.07354166753994/-0.6939991149902339/-1854.9224977973608,0.0/0.0/0.0,B319BS010219
Assets/1_Module/Map/MapManagerModule/RoadObject/Models/KR_SurfaceMarking/KR,05_SurfMark_5373.fbx,298.2700419934116/-0.30650002149834443/-1241.78499779461,0.0/0.0/0.0,B319BS010220
Assets/1_Module/Map/MapManagerModule/RoadObject/Models/KR_SurfaceMarking/KR,05_SurfMark_5373.fbx,-79.03916962232744/-0.5399997863769527/-1469.0569854421392,0.0/0.0/0.0,B319BS010221
Assets/1_Module/Map/MapManagerModule/RoadObject/Models/KR_SurfaceMarking/KR,05_SurfMark_5373.fbx,149.6700417173094/0.1960002746554251/-108.39949779871947,0.0/0.0/0.0,B319BS010222
Assets/1_Module/Map/MapManagerModule/RoadObject/Models/KR_SurfaceMarking/KR,05_SurfMark_5371.fbx,361.8998310838707/0.08400076293945347/-99.10073234431293,0.0/0.0/0.0,B319BS010223
Assets/1_Module/Map/MapManagerModule/RoadObject/Models/KR_SurfaceMarking/KR,05_SurfMark_5373.fbx,-94.28799624750059/-0.5310009155273434/-1496.3871583132923,0.0/0.0/0.0,B319BS010224
Assets/1_Module/Map/MapManagerModule/RoadObject/Models/KR_SurfaceMarking/KR,05_SurfMark_5373.fbx,-163.07217180259772/-0.5709999237060543/-1496.888665919731,0.0/0.0/0.0,B319BS010225
Assets/1_Module/Map/MapManagerModule/RoadObject/Models/KR_SurfaceMarking/KR,05_SurfMark_5431.fbx,479.0011530274509/0.05099981689453159/-278.9948113588339,0.0/0.0/0.0,B319BS010226
Assets/1_Module/Map/MapManagerModule/RoadObject/Models/KR_SurfaceMarking/KR,05_SurfMark_5372.fbx,64.85972889455446/-0.7099998626708982/-1851.5011131354222,0.0/0.0/0.0,B319BS010227
Assets/1_Module/Map/MapManagerModule/RoadObject/Models/KR_SurfaceMarking/KR,05_SurfMark_5372.fbx,-94.28945912524243/-0.512999359130859/-1492.1222838027577,0.0/0.0/0.0,B319BS010228
Assets/1_Module/Map/MapManagerModule/RoadObject/Models/KR_SurfaceMarking/KR,05_SurfMark_5372.fbx,473.30232415832825/0.04649948633940962/-256.8400258908582,0.0/0.0/0.0,B319BS010229
Assets/1_Module/Map/MapManagerModule/RoadObject/Models/KR_SurfaceMarking/KR,05_SurfMark_5372.fbx,462.5801024689263/0.03228757289162921/-232.7463324155151,0.0/0.0/0.0,B319BS010230
Assets/1_Module/Map/MapManagerModule/RoadObject/Models/KR_SurfaceMarking/KR,05_SurfMark_5372.fbx,496.7568429550993/0.05199926757812534/-1781.3724617889054,0.0/0.0/0.0,B319BS010231
Assets/1_Module/Map/MapManagerModule/RoadObject/Models/KR_SurfaceMarking/KR,05_SurfMark_5372.fbx,-136.68845864174548/-0.4984996948244386/-1538.1624977996973,0.0/0.0/0.0,B319BS010232
Assets/1_Module/Map/MapManagerModule/RoadObject/Models/KR_SurfaceMarking/KR,05_SurfMark_5372.fbx,-9.10295847640151/-0.5285003814635362/-1055.6529978005299,0.0/0.0/0.0,B319BS010233
Assets/1_Module/Map/MapManagerModule/RoadObject/Models/KR_SurfaceMarking/KR,05_SurfMark_5372.fbx,-136.74295864310784/-0.5090002032357397/-1524.16399780032,0.0/0.0/0.0,B319BS010234
Assets/1_Module/Map/MapManagerModule/RoadObject/Models/KR_SurfaceMarking/KR,05_SurfMark_5372.fbx,-69.33595856034378/-0.4730003509517176/-1139.7864978000302,0.0/0.0/0.0,B319BS010235
Assets/1_Module/Map/MapManagerModule/RoadObject/Models/KR_SurfaceMarking/KR,05_SurfMark_5372.fbx,-203.00195874538443/-0.5280000392977542/-1388.6839977999105,0.0/0.0/0.0,B319BS010236
Assets/1_Module/Map/MapManagerModule/RoadObject/Models/KR_SurfaceMarking/KR,05_SurfMark_5372.fbx,-137.00895864590456/-0.5639999542236324/-1454.7449978017264,0.0/0.0/0.0,B319BS010237
Assets/1_Module/Map/MapManagerModule/RoadObject/Models/KR_SurfaceMarking/KR,05_SurfMark_5372.fbx,-133.51445864123977/-0.5140007171630856/-1455.121497800231,0.0/0.0/0.0,B319BS010238
Assets/1_Module/Map/MapManagerModule/RoadObject/Models/KR_SurfaceMarking/KR,05_SurfMark_5372.fbx,-158.27245868101417/-0.4469993743896481/-1367.6829978005067,0.0/0.0/0.0,B319BS010239
Assets/1_Module/Map/MapManagerModule/RoadObject/Models/KR_SurfaceMarking/KR,05_SurfMark_5372.fbx,-263.01695886800286/-0.07250005340568876/-523.6089978039573,0.0/0.0/0.0,B319BS010240
Assets/1_Module/Map/MapManagerModule/RoadObject/Models/KR_SurfaceMarking/KR,05_SurfMark_5372.fbx,-206.95528500683562/-0.4900005493164059/-1343.6607919734413,0.0/0.0/0.0,B319BS010241
Assets/1_Module/Map/MapManagerModule/RoadObject/Models/KR_SurfaceMarking/KR,05_SurfMark_5382.fbx,-139.33245864329425/-0.5309999618530056/-1593.0369978000226,0.0/0.0/0.0,B319BS010242
Assets/1_Module/Map/MapManagerModule/RoadObject/Models/KR_SurfaceMarking/KR,05_SurfMark_5382.fbx,-129.54137903907034/-0.6040008697509762/-1389.6114519070495,0.0/0.0/0.0,B319BS010243
Assets/1_Module/Map/MapManagerModule/RoadObject/Models/KR_SurfaceMarking/KR,05_SurfMark_5382.fbx,-2.4754584348313657/-0.5305000093025815/-1854.9899977970351,0.0/0.0/0.0,B319BS010244
Assets/1_Module/Map/MapManagerModule/RoadObject/Models/KR_SurfaceMarking/KR,05_SurfMark_5382.fbx,27.21257050465999/-0.4959991607666011/-1663.5885897794228,0.0/0.0/0.0,B319BS010245
Assets/1_Module/Map/MapManagerModule/RoadObject/Models/KR_SurfaceMarking/KR,05_SurfMark_5382.fbx,-144.40545865785026/-0.5734998964136427/-1424.6964978010799,0.0/0.0/0.0,B319BS010246
Assets/1_Module/Map/MapManagerModule/RoadObject/Models/KR_SurfaceMarking/KR,05_SurfMark_5382.fbx,12.234041583912669/-0.5775001678467945/-1727.563497798152,0.0/0.0/0.0,B319BS010247
Assets/1_Module/Map/MapManagerModule/RoadObject/Models/KR_SurfaceMarking/KR,05_SurfMark_5382.fbx,51.56883685189836/-0.5490005645751949/-1812.0756620569962,0.0/0.0/0.0,B319BS010248
Assets/1_Module/Map/MapManagerModule/RoadObject/Models/KR_SurfaceMarking/KR,05_SurfMark_5373.fbx,312.4024139813058/-0.016999069213866846/-1338.2412835349044,0.0/0.0/0.0,B319BS010249
Assets/1_Module/Map/MapManagerModule/RoadObject/Models/KR_SurfaceMarking/KR,05_SurfMark_5382.fbx,-185.01645871324382/-0.5095000096549841/-1515.6104978031271,0.0/0.0/0.0,B319BS010250
Assets/1_Module/Map/MapManagerModule/RoadObject/Models/KR_SurfaceMarking/KR,05_SurfMark_5382.fbx,392.9305419905949/0.11429730806555907/-140.22399770461712,0.0/0.0/0.0,B319BS010251
Assets/1_Module/Map/MapManagerModule/RoadObject/Models/KR_SurfaceMarking/KR,05_SurfMark_5382.fbx,-118.10940789087819/-0.538708578698127/-1193.9150979083856,0.0/0.0/0.0,B319BS010252
Assets/1_Module/Map/MapManagerModule/RoadObject/Models/KR_SurfaceMarking/KR,05_SurfMark_5382.fbx,-27.297458503207242/-0.5330002086233824/-1055.7294977994482,0.0/0.0/0.0,B319BS010253
Assets/1_Module/Map/MapManagerModule/RoadObject/Models/KR_SurfaceMarking/KR,05_SurfMark_5382.fbx,-15.013958478012215/-0.5180000480815126/-1206.1369977986792,0.0/0.0/0.0,B319BS010254
Assets/1_Module/Map/MapManagerModule/RoadObject/Models/KR_SurfaceMarking/KR,05_SurfMark_5382.fbx,492.3750422824545/0.04187931747083276/-1823.0674976461262,0.0/0.0/0.0,B319BS010255
Assets/1_Module/Map/MapManagerModule/RoadObject/Models/KR_SurfaceMarking/KR,05_SurfMark_5382.fbx,-144.2854586568458/-0.5859996398666509/-1455.20899780518,0.0/0.0/0.0,B319BS010256
Assets/1_Module/Map/MapManagerModule/RoadObject/Models/KR_SurfaceMarking/KR,05_SurfMark_5382.fbx,40.66304162222597/-0.4960001144394702/-1648.191497798769,0.0/0.0/0.0,B319BS010257
Assets/1_Module/Map/MapManagerModule/RoadObject/Models/KR_SurfaceMarking/KR,05_SurfMark_5381.fbx,-4.04943649945354/-0.4490001831054684/-1274.8379259706235,0.0/0.0/0.0,B319BS010258
Assets/1_Module/Map/MapManagerModule/RoadObject/Models/KR_SurfaceMarking/KR,05_SurfMark_5381.fbx,-70.5656633293275/-0.49400025939941367/-1511.4449998265463,0.0/0.0/0.0,B319BS010259
Assets/1_Module/Map/MapManagerModule/RoadObject/Models/KR_SurfaceMarking/KR,05_SurfMark_5381.fbx,-11.192169081505252/-0.4275005056529791/-1297.8012056022549,0.0/0.0/0.0,B319BS010260
Assets/1_Module/Map/MapManagerModule/RoadObject/Models/KR_SurfaceMarking/KR,05_SurfMark_5381.fbx,-132.75295864505188/-0.4409998092648644/-1326.6934978019742,0.0/0.0/0.0,B319BS010261
Assets/1_Module/Map/MapManagerModule/RoadObject/Models/KR_SurfaceMarking/KR,05_SurfMark_5381.fbx,-110.61545860667555/-0.5249994430528037/-1488.453497800748,0.0/0.0/0.0,B319BS010262
Assets/1_Module/Map/MapManagerModule/RoadObject/Models/KR_SurfaceMarking/KR,05_SurfMark_5381.fbx,3.5650415684445433/-0.5410001907337395/-1666.5899977982817,0.0/0.0/0.0,B319BS010263
Assets/1_Module/Map/MapManagerModule/RoadObject/Models/KR_SurfaceMarking/KR,05_SurfMark_5381.fbx,78.72154168661513/-0.5465000305174305/-1858.2919977966556,0.0/0.0/0.0,B319BS010264
Assets/1_Module/Map/MapManagerModule/RoadObject/Models/KR_SurfaceMarking/KR,05_SurfMark_5381.fbx,411.57884420970976/-0.13799935913085903/-1351.6316132633945,0.0/0.0/0.0,B319BS010265
Assets/1_Module/Map/MapManagerModule/RoadObject/Models/KR_SurfaceMarking/KR,05_SurfMark_5381.fbx,-31.10545850004229/-0.5205000076308716/-1242.3094977989488,0.0/0.0/0.0,B319BS010266
Assets/1_Module/Map/MapManagerModule/RoadObject/Models/KR_SurfaceMarking/KR,05_SurfMark_5381.fbx,10.306018017795974/-0.4170005950927731/-1355.9304009183982,0.0/0.0/0.0,B319BS010267
Assets/1_Module/Map/MapManagerModule/RoadObject/Models/KR_SurfaceMarking/KR,05_SurfMark_5381.fbx,-133.75595862001902/-0.5295001977360646/-1979.7309977997154,0.0/0.0/0.0,B319BS010268
Assets/1_Module/Map/MapManagerModule/RoadObject/Models/KR_SurfaceMarking/KR,05_SurfMark_5381.fbx,-101.46745860672219/-0.6120002899169918/-1156.75199780058,0.0/0.0/0.0,B319BS010269
Assets/1_Module/Map/MapManagerModule/RoadObject/Models/KR_SurfaceMarking/KR,05_SurfMark_5381.fbx,-163.1974130281825/-0.5310009155273434/-1492.5655765973765,0.0/0.0/0.0,B319BS010270
Assets/1_Module/Map/MapManagerModule/RoadObject/Models/KR_SurfaceMarking/KR,05_SurfMark_5381.fbx,30.09804161540302/-1.8179996643066407/-1851.3364977974466,0.0/0.0/0.0,B319BS010271
Assets/1_Module/Map/MapManagerModule/RoadObject/Models/KR_SurfaceMarking/KR,05_SurfMark_5381.fbx,-136.22524067862514/-0.44100076293945284/-1349.3805084444582,0.0/0.0/0.0,B319BS010272
Assets/1_Module/Map/MapManagerModule/RoadObject/Models/KR_SurfaceMarking/KR,05_SurfMark_5381.fbx,302.7553660369709/-0.03900033569335904/-1349.6796760932336,0.0/0.0/0.0,B319BS010273
Assets/1_Module/Map/MapManagerModule/RoadObject/Models/KR_SurfaceMarking/KR,05_SurfMark_5379.fbx,-35.42819344943201/-0.48200072976216296/-1139.3339534915592,0.0/0.0/0.0,B319BS010274
Assets/1_Module/Map/MapManagerModule/RoadObject/Models/KR_SurfaceMarking/KR,05_SurfMark_5379.fbx,-55.473787270215084/-0.46399957275390596/-1151.0954490844874,0.0/0.0/0.0,B319BS010275
Assets/1_Module/Map/MapManagerModule/RoadObject/Models/KR_SurfaceMarking/KR,05_SurfMark_5379.fbx,-109.23212460849788/-0.4599998626708981/-1235.7737514436703,0.0/0.0/0.0,B319BS010276
Assets/1_Module/Map/MapManagerModule/RoadObject/Models/KR_SurfaceMarking/KR,05_SurfMark_5379.fbx,-132.92689477611034/-0.5059993896484372/-1629.2762329840527,0.0/0.0/0.0,B319BS010277
Assets/1_Module/Map/MapManagerModule/RoadObject/Models/KR_SurfaceMarking/KR,05_SurfMark_5379.fbx,-117.475151857403/-0.5660007629394529/-1608.2563287233681,0.0/0.0/0.0,B319BS010278
Assets/1_Module/Map/MapManagerModule/RoadObject/Models/KR_SurfaceMarking/KR,05_SurfMark_5379.fbx,-72.32125075318852/-0.5223631507710673/-1252.2206708919673,0.0/0.0/0.0,B319BS010279
Assets/1_Module/Map/MapManagerModule/RoadObject/Models/KR_SurfaceMarking/KR,05_SurfMark_5379.fbx,-30.98808490983665/-0.48099977111816367/-1160.7401230374358,0.0/0.0/0.0,B319BS010280
Assets/1_Module/Map/MapManagerModule/RoadObject/Models/KR_SurfaceMarking/KR,05_SurfMark_5379.fbx,-46.957458526267544/-0.48700028991699185/-1169.8844977994622,0.0/0.0/0.0,B319BS010281
Assets/1_Module/Map/MapManagerModule/RoadObject/Models/KR_SurfaceMarking/KR,05_SurfMark_5379.fbx,-56.965299590172414/-0.47099954223632773/-1177.6059931800821,0.0/0.0/0.0,B319BS010282
Assets/1_Module/Map/MapManagerModule/RoadObject/Models/KR_SurfaceMarking/KR,05_SurfMark_5379.fbx,-75.59442974758082/-0.4760000246197189/-1221.434373184966,0.0/0.0/0.0,B319BS010283
Assets/1_Module/Map/MapManagerModule/RoadObject/Models/KR_SurfaceMarking/KR,05_SurfMark_5379.fbx,-83.9011651795094/-0.5075026640726171/-1226.033831269648,0.0/0.0/0.0,B319BS010284
Assets/1_Module/Map/MapManagerModule/RoadObject/Models/KR_SurfaceMarking/KR,05_SurfMark_5379.fbx,-96.37699154061352/-0.5446390746454995/-1263.4026221063493,0.0/0.0/0.0,B319BS010285
Assets/1_Module/Map/MapManagerModule/RoadObject/Models/KR_SurfaceMarking/KR,05_SurfMark_5379.fbx,-88.94987513397125/-0.483677167505894/-1189.8529460280495,0.0/0.0/0.0,B319BS010286
Assets/1_Module/Map/MapManagerModule/RoadObject/Models/KR_SurfaceMarking/KR,05_SurfMark_5379.fbx,-46.092795694928405/-0.5070002341384482/-1209.6712932682337,0.0/0.0/0.0,B319BS010287
Assets/1_Module/Map/MapManagerModule/RoadObject/Models/KR_SurfaceMarking/KR,05_SurfMark_5374.fbx,-94.67760389807982/-0.5339992675781245/-1182.8134729111293,0.0/0.0/0.0,B319BS010288
Assets/1_Module/Map/MapManagerModule/RoadObject/Models/KR_SurfaceMarking/KR,05_SurfMark_5374.fbx,-40.903834595548425/-0.4960011295465088/-1216.5655285461098,0.0/0.0/0.0,B319BS010289
Assets/1_Module/Map/MapManagerModule/RoadObject/Models/KR_SurfaceMarking/KR,05_SurfMark_5374.fbx,-111.9262093603881/-0.5119996760899179/-1367.9149401507482,0.0/0.0/0.0,B319BS010290
Assets/1_Module/Map/MapManagerModule/RoadObject/Models/KR_SurfaceMarking/KR,05_SurfMark_5374.fbx,18.762842712017626/-0.513499994249917/-1872.5451779434602,0.0/0.0/0.0,B319BS010291
Assets/1_Module/Map/MapManagerModule/RoadObject/Models/KR_SurfaceMarking/KR,05_SurfMark_5374.fbx,49.79529891893966/-2.029999557495117/-1853.6593345092972,0.0/0.0/0.0,B319BS010292
Assets/1_Module/Map/MapManagerModule/RoadObject/Models/KR_SurfaceMarking/KR,05_SurfMark_5374.fbx,-81.28495854723485/-0.4855001602194727/-1877.314497799256,0.0/0.0/0.0,B319BS010293
Assets/1_Module/Map/MapManagerModule/RoadObject/Models/KR_SurfaceMarking/KR,05_SurfMark_5431.fbx,-144.08145865439874/-0.5780001432324106/-1529.435497799779,0.0/0.0/0.0,B319BS010294
Assets/1_Module/Map/MapManagerModule/RoadObject/Models/KR_SurfaceMarking/KR,05_SurfMark_5431.fbx,-144.19045865268134/-0.5665004882831892/-1545.3484977998412,0.0/0.0/0.0,B319BS010295
Assets/1_Module/Map/MapManagerModule/RoadObject/Models/KR_SurfaceMarking/KR,05_SurfMark_5431.fbx,-78.19695855627751/-0.502000300754318/-1543.1729978017377,0.0/0.0/0.0,B319BS010296
Assets/1_Module/Map/MapManagerModule/RoadObject/Models/KR_SurfaceMarking/KR,05_SurfMark_5431.fbx,-78.26945855732843/-0.5274999771127014/-1523.4399977999835,0.0/0.0/0.0,B319BS010297
Assets/1_Module/Map/MapManagerModule/RoadObject/Models/KR_SurfaceMarking/KR,05_SurfMark_5431.fbx,-67.26745854380964/-0.5634999107623362/-1439.221997800848,0.0/0.0/0.0,B319BS010298
Assets/1_Module/Map/MapManagerModule/RoadObject/Models/KR_SurfaceMarking/KR,05_SurfMark_5432.fbx,-210.24040520212208/-0.5481134742782202/-1083.9659592469338,0.0/0.0/0.0,B319BS010300
Assets/1_Module/Map/MapManagerModule/RoadObject/Models/KR_SurfaceMarking/KR,05_SurfMark_5373.fbx,155.1420417618712/-1.9944999847412779/-974.161497797326,0.0/0.0/0.0,B319BS010301
Assets/1_Module/Map/MapManagerModule/RoadObject/Models/KR_SurfaceMarking/KR,05_SurfMark_5371.fbx,-159.83945871089065/-0.47549993133039553/-700.5479978035851,0.0/0.0/0.0,B319BS010302
